"Source:","C:\Users\marou\Desktop\499 pcbs\FirstBoard\FirstBoard.kicad_sch"
"Date:","4/9/2023 5:31:45 PM"
"Tool:","Eeschema (6.0.7)"
"Generator:","C:\Program Files\KiCad\6.0\bin\scripting\plugins/bom_csv_grouped_by_value.py"
"Component Count:","22"

"Individual Components:"

"Item","Qty","Reference(s)","Value","LibPart","Footprint","Datasheet"
"","","C1","1uF","Device:C","Capacitor_THT:CP_Radial_D5.0mm_P2.00mm","~"
"","","C2","10uF","Device:C_Polarized","Capacitor_THT:CP_Radial_D5.0mm_P2.50mm","~"
"","","C3","1uF","Device:C","Capacitor_THT:CP_Radial_D5.0mm_P2.00mm","~"
"","","C4","10uF","Device:C_Polarized","Capacitor_THT:CP_Radial_D5.0mm_P2.50mm","~"
"","","C5","10uF","Device:C_Polarized","Capacitor_THT:CP_Radial_D5.0mm_P2.50mm","~"
"","","C6","10uF","Device:C_Polarized","Capacitor_THT:CP_Radial_D5.0mm_P2.50mm","~"
"","","C8","0.1uF","Device:C","Capacitor_THT:C_Rect_L4.0mm_W2.5mm_P2.50mm","~"
"","","D1","LED","Device:LED","","~"
"","","J1","Conn_01x04_Female","Connector:Conn_01x04_Female","Connector_PinHeader_2.54mm:PinHeader_1x04_P2.54mm_Vertical","~"
"","","J2","Conn_01x04_Female","Connector:Conn_01x04_Female","Connector_PinHeader_2.54mm:PinHeader_1x04_P2.54mm_Vertical","~"
"","","J3","Conn_01x04_Female","Connector:Conn_01x04_Female","Connector_PinHeader_2.54mm:PinHeader_1x04_P2.54mm_Vertical","~"
"","","J4","Micro_SD_Card","Connector:Micro_SD_Card","Connector_Card:microSD_HC_Wuerth_693072010801","http://katalog.we-online.de/em/datasheet/693072010801.pdf"
"","","R1","10k","Device:R","Resistor_THT:R_Axial_DIN0207_L6.3mm_D2.5mm_P10.16mm_Horizontal","~"
"","","R2","15k","Device:R","Resistor_THT:R_Axial_DIN0207_L6.3mm_D2.5mm_P10.16mm_Horizontal","~"
"","","R3","15k","Device:R","Resistor_THT:R_Axial_DIN0207_L6.3mm_D2.5mm_P10.16mm_Horizontal","~"
"","","R4","15k","Device:R","Resistor_THT:R_Axial_DIN0207_L6.3mm_D2.5mm_P10.16mm_Horizontal","~"
"","","SW1","SW_Push","Switch:SW_Push","Library:Tactile-Switch-2P","~"
"","","SW2","SW_Push","Switch:SW_Push","Library:Tactile-Switch-2P","~"
"","","U1","ESP32-WROOM-32D","RF_Module:ESP32-WROOM-32D","RF_Module:ESP32-WROOM-32","https://www.espressif.com/sites/default/files/documentation/esp32-wroom-32d_esp32-wroom-32u_datasheet_en.pdf"
"","","U2","AD623AN","Amplifier_Instrumentation:AD623AN","Package_DIP:DIP-8_W7.62mm","https://www.analog.com/media/en/technical-documentation/data-sheets/AD623.pdf"
"","","U3","LM1117-3.3","Regulator_Linear:LM1117-3.3","Package_TO_SOT_THT:TO-220-3_Vertical","http://www.ti.com/lit/ds/symlink/lm1117.pdf"
"","","U4","ICL7660","Regulator_SwitchedCapacitor:ICL7660","","http://datasheets.maximintegrated.com/en/ds/ICL7660-MAX1044.pdf"



"Collated Components:"

"Item","Qty","Reference(s)","Value","LibPart","Footprint","Datasheet"
"1","2","C1, C3","1uF","Device:C","Capacitor_THT:CP_Radial_D5.0mm_P2.00mm","~"
"2","4","C2, C4, C5, C6","10uF","Device:C_Polarized","Capacitor_THT:CP_Radial_D5.0mm_P2.50mm","~"
"3","1","C8","0.1uF","Device:C","Capacitor_THT:C_Rect_L4.0mm_W2.5mm_P2.50mm","~"
"4","1","D1","LED","Device:LED","","~"
"5","3","J1, J2, J3","Conn_01x04_Female","Connector:Conn_01x04_Female","Connector_PinHeader_2.54mm:PinHeader_1x04_P2.54mm_Vertical","~"
"6","1","J4","Micro_SD_Card","Connector:Micro_SD_Card","Connector_Card:microSD_HC_Wuerth_693072010801","http://katalog.we-online.de/em/datasheet/693072010801.pdf"
"7","1","R1","10k","Device:R","Resistor_THT:R_Axial_DIN0207_L6.3mm_D2.5mm_P10.16mm_Horizontal","~"
"8","3","R2, R3, R4","15k","Device:R","Resistor_THT:R_Axial_DIN0207_L6.3mm_D2.5mm_P10.16mm_Horizontal","~"
"9","2","SW1, SW2","SW_Push","Switch:SW_Push","Library:Tactile-Switch-2P","~"
"10","1","U1","ESP32-WROOM-32D","RF_Module:ESP32-WROOM-32D","RF_Module:ESP32-WROOM-32","https://www.espressif.com/sites/default/files/documentation/esp32-wroom-32d_esp32-wroom-32u_datasheet_en.pdf"
"11","1","U2","AD623AN","Amplifier_Instrumentation:AD623AN","Package_DIP:DIP-8_W7.62mm","https://www.analog.com/media/en/technical-documentation/data-sheets/AD623.pdf"
"12","1","U3","LM1117-3.3","Regulator_Linear:LM1117-3.3","Package_TO_SOT_THT:TO-220-3_Vertical","http://www.ti.com/lit/ds/symlink/lm1117.pdf"
"13","1","U4","ICL7660","Regulator_SwitchedCapacitor:ICL7660","","http://datasheets.maximintegrated.com/en/ds/ICL7660-MAX1044.pdf"
