<?xml version="1.0" encoding="UTF-8"?>
<export version="E">
  <design>
    <source>C:\Users\marou\Desktop\499 pcbs\FirstBoard\FirstBoard.kicad_sch</source>
    <date>4/9/2023 5:31:45 PM</date>
    <tool>Eeschema (6.0.7)</tool>
    <sheet number="1" name="/" tstamps="/">
      <title_block>
        <title/>
        <company/>
        <rev/>
        <date/>
        <source>FirstBoard.kicad_sch</source>
        <comment number="1" value=""/>
        <comment number="2" value=""/>
        <comment number="3" value=""/>
        <comment number="4" value=""/>
        <comment number="5" value=""/>
        <comment number="6" value=""/>
        <comment number="7" value=""/>
        <comment number="8" value=""/>
        <comment number="9" value=""/>
      </title_block>
    </sheet>
  </design>
  <components>
    <comp ref="C1">
      <value>1uF</value>
      <footprint>Capacitor_THT:CP_Radial_D5.0mm_P2.00mm</footprint>
      <libsource lib="Device" part="C" description="Unpolarized capacitor"/>
      <property name="Sheetname" value=""/>
      <property name="Sheetfile" value="FirstBoard.kicad_sch"/>
      <sheetpath names="/" tstamps="/"/>
      <tstamps>808afd69-beaa-4e60-87a2-7fd9f6c480ad</tstamps>
    </comp>
    <comp ref="C2">
      <value>10uF</value>
      <footprint>Capacitor_THT:CP_Radial_D5.0mm_P2.50mm</footprint>
      <libsource lib="Device" part="C_Polarized" description="Polarized capacitor"/>
      <property name="Sheetname" value=""/>
      <property name="Sheetfile" value="FirstBoard.kicad_sch"/>
      <sheetpath names="/" tstamps="/"/>
      <tstamps>28d774ca-57a4-43e1-bc66-3158831659fd</tstamps>
    </comp>
    <comp ref="C3">
      <value>1uF</value>
      <footprint>Capacitor_THT:CP_Radial_D5.0mm_P2.00mm</footprint>
      <libsource lib="Device" part="C" description="Unpolarized capacitor"/>
      <property name="Sheetname" value=""/>
      <property name="Sheetfile" value="FirstBoard.kicad_sch"/>
      <sheetpath names="/" tstamps="/"/>
      <tstamps>16a107f2-f9b8-40c0-bf6e-4ed436a4dbcd</tstamps>
    </comp>
    <comp ref="C4">
      <value>10uF</value>
      <footprint>Capacitor_THT:CP_Radial_D5.0mm_P2.50mm</footprint>
      <libsource lib="Device" part="C_Polarized" description="Polarized capacitor"/>
      <property name="Sheetname" value=""/>
      <property name="Sheetfile" value="FirstBoard.kicad_sch"/>
      <sheetpath names="/" tstamps="/"/>
      <tstamps>7f75b769-6b86-4114-a815-87ba75399d89</tstamps>
    </comp>
    <comp ref="C5">
      <value>10uF</value>
      <footprint>Capacitor_THT:CP_Radial_D5.0mm_P2.50mm</footprint>
      <libsource lib="Device" part="C_Polarized" description="Polarized capacitor"/>
      <property name="Sheetname" value=""/>
      <property name="Sheetfile" value="FirstBoard.kicad_sch"/>
      <sheetpath names="/" tstamps="/"/>
      <tstamps>496df95f-52af-4a8d-8d1b-bd033795d7ab</tstamps>
    </comp>
    <comp ref="C6">
      <value>10uF</value>
      <footprint>Capacitor_THT:CP_Radial_D5.0mm_P2.50mm</footprint>
      <libsource lib="Device" part="C_Polarized" description="Polarized capacitor"/>
      <property name="Sheetname" value=""/>
      <property name="Sheetfile" value="FirstBoard.kicad_sch"/>
      <sheetpath names="/" tstamps="/"/>
      <tstamps>9609e05f-be77-4fa6-bde8-b5d75e7cbede</tstamps>
    </comp>
    <comp ref="C8">
      <value>0.1uF</value>
      <footprint>Capacitor_THT:C_Rect_L4.0mm_W2.5mm_P2.50mm</footprint>
      <libsource lib="Device" part="C" description="Unpolarized capacitor"/>
      <property name="Sheetname" value=""/>
      <property name="Sheetfile" value="FirstBoard.kicad_sch"/>
      <sheetpath names="/" tstamps="/"/>
      <tstamps>4e4127a0-744d-4526-b137-0f1fb856fded</tstamps>
    </comp>
    <comp ref="D1">
      <value>LED</value>
      <libsource lib="Device" part="LED" description="Light emitting diode"/>
      <property name="Sheetname" value=""/>
      <property name="Sheetfile" value="FirstBoard.kicad_sch"/>
      <sheetpath names="/" tstamps="/"/>
      <tstamps>3d1acc85-74be-4072-b461-148f2dabb748</tstamps>
    </comp>
    <comp ref="J1">
      <value>Conn_01x04_Female</value>
      <footprint>Connector_PinHeader_2.54mm:PinHeader_1x04_P2.54mm_Vertical</footprint>
      <libsource lib="Connector" part="Conn_01x04_Female" description="Generic connector, single row, 01x04, script generated (kicad-library-utils/schlib/autogen/connector/)"/>
      <property name="Sheetname" value=""/>
      <property name="Sheetfile" value="FirstBoard.kicad_sch"/>
      <sheetpath names="/" tstamps="/"/>
      <tstamps>1e2890c1-d4e7-48cb-abe8-238be9092c17</tstamps>
    </comp>
    <comp ref="J2">
      <value>Conn_01x04_Female</value>
      <footprint>Connector_PinHeader_2.54mm:PinHeader_1x04_P2.54mm_Vertical</footprint>
      <libsource lib="Connector" part="Conn_01x04_Female" description="Generic connector, single row, 01x04, script generated (kicad-library-utils/schlib/autogen/connector/)"/>
      <property name="Sheetname" value=""/>
      <property name="Sheetfile" value="FirstBoard.kicad_sch"/>
      <sheetpath names="/" tstamps="/"/>
      <tstamps>c07e12b4-bd27-473d-bcf1-c5f986e86afa</tstamps>
    </comp>
    <comp ref="J3">
      <value>Conn_01x04_Female</value>
      <footprint>Connector_PinHeader_2.54mm:PinHeader_1x04_P2.54mm_Vertical</footprint>
      <libsource lib="Connector" part="Conn_01x04_Female" description="Generic connector, single row, 01x04, script generated (kicad-library-utils/schlib/autogen/connector/)"/>
      <property name="Sheetname" value=""/>
      <property name="Sheetfile" value="FirstBoard.kicad_sch"/>
      <sheetpath names="/" tstamps="/"/>
      <tstamps>db5104dc-4a24-4eae-ac07-7ecc0de92f0e</tstamps>
    </comp>
    <comp ref="J4">
      <value>Micro_SD_Card</value>
      <footprint>Connector_Card:microSD_HC_Wuerth_693072010801</footprint>
      <datasheet>http://katalog.we-online.de/em/datasheet/693072010801.pdf</datasheet>
      <libsource lib="Connector" part="Micro_SD_Card" description="Micro SD Card Socket"/>
      <property name="Sheetname" value=""/>
      <property name="Sheetfile" value="FirstBoard.kicad_sch"/>
      <sheetpath names="/" tstamps="/"/>
      <tstamps>73ab4d6b-2689-4e4e-b5f8-354c3129ca45</tstamps>
    </comp>
    <comp ref="R1">
      <value>10k</value>
      <footprint>Resistor_THT:R_Axial_DIN0207_L6.3mm_D2.5mm_P10.16mm_Horizontal</footprint>
      <libsource lib="Device" part="R" description="Resistor"/>
      <property name="Sheetname" value=""/>
      <property name="Sheetfile" value="FirstBoard.kicad_sch"/>
      <sheetpath names="/" tstamps="/"/>
      <tstamps>b3d50b53-e9c7-496e-99e0-d51c71120eea</tstamps>
    </comp>
    <comp ref="R2">
      <value>15k</value>
      <footprint>Resistor_THT:R_Axial_DIN0207_L6.3mm_D2.5mm_P10.16mm_Horizontal</footprint>
      <libsource lib="Device" part="R" description="Resistor"/>
      <property name="Sheetname" value=""/>
      <property name="Sheetfile" value="FirstBoard.kicad_sch"/>
      <sheetpath names="/" tstamps="/"/>
      <tstamps>c60e5985-387f-4bce-a5cb-e16eb96d6eca</tstamps>
    </comp>
    <comp ref="R3">
      <value>15k</value>
      <footprint>Resistor_THT:R_Axial_DIN0207_L6.3mm_D2.5mm_P10.16mm_Horizontal</footprint>
      <libsource lib="Device" part="R" description="Resistor"/>
      <property name="Sheetname" value=""/>
      <property name="Sheetfile" value="FirstBoard.kicad_sch"/>
      <sheetpath names="/" tstamps="/"/>
      <tstamps>11798622-9a38-4a9c-971a-b9e39294e6e0</tstamps>
    </comp>
    <comp ref="R4">
      <value>15k</value>
      <footprint>Resistor_THT:R_Axial_DIN0207_L6.3mm_D2.5mm_P10.16mm_Horizontal</footprint>
      <libsource lib="Device" part="R" description="Resistor"/>
      <property name="Sheetname" value=""/>
      <property name="Sheetfile" value="FirstBoard.kicad_sch"/>
      <sheetpath names="/" tstamps="/"/>
      <tstamps>1c745d95-b754-485f-9c76-d2fbeb82a06f</tstamps>
    </comp>
    <comp ref="SW1">
      <value>SW_Push</value>
      <footprint>Library:Tactile-Switch-2P</footprint>
      <libsource lib="Switch" part="SW_Push" description="Push button switch, generic, two pins"/>
      <property name="Sheetname" value=""/>
      <property name="Sheetfile" value="FirstBoard.kicad_sch"/>
      <sheetpath names="/" tstamps="/"/>
      <tstamps>0a176dab-64cf-4037-8bc6-cf958fcac0ef</tstamps>
    </comp>
    <comp ref="SW2">
      <value>SW_Push</value>
      <footprint>Library:Tactile-Switch-2P</footprint>
      <libsource lib="Switch" part="SW_Push" description="Push button switch, generic, two pins"/>
      <property name="Sheetname" value=""/>
      <property name="Sheetfile" value="FirstBoard.kicad_sch"/>
      <sheetpath names="/" tstamps="/"/>
      <tstamps>a2ac0b9c-2fcd-4490-9520-d6704e10aded</tstamps>
    </comp>
    <comp ref="U1">
      <value>ESP32-WROOM-32D</value>
      <footprint>RF_Module:ESP32-WROOM-32</footprint>
      <datasheet>https://www.espressif.com/sites/default/files/documentation/esp32-wroom-32d_esp32-wroom-32u_datasheet_en.pdf</datasheet>
      <libsource lib="RF_Module" part="ESP32-WROOM-32D" description="RF Module, ESP32-D0WD SoC, Wi-Fi 802.11b/g/n, Bluetooth, BLE, 32-bit, 2.7-3.6V, onboard antenna, SMD"/>
      <property name="Sheetname" value=""/>
      <property name="Sheetfile" value="FirstBoard.kicad_sch"/>
      <sheetpath names="/" tstamps="/"/>
      <tstamps>f480f759-ef01-446b-a4f1-41d99003e20e</tstamps>
    </comp>
    <comp ref="U2">
      <value>AD623AN</value>
      <footprint>Package_DIP:DIP-8_W7.62mm</footprint>
      <datasheet>https://www.analog.com/media/en/technical-documentation/data-sheets/AD623.pdf</datasheet>
      <libsource lib="Amplifier_Instrumentation" part="AD623AN" description="Single Supply, Rail to Rail, Instumentation Amplifier, DIP-8"/>
      <property name="Sheetname" value=""/>
      <property name="Sheetfile" value="FirstBoard.kicad_sch"/>
      <sheetpath names="/" tstamps="/"/>
      <tstamps>dd7a1ddf-25c7-42c7-9e54-fbc07c17588a</tstamps>
    </comp>
    <comp ref="U3">
      <value>LM1117-3.3</value>
      <footprint>Package_TO_SOT_THT:TO-220-3_Vertical</footprint>
      <datasheet>http://www.ti.com/lit/ds/symlink/lm1117.pdf</datasheet>
      <libsource lib="Regulator_Linear" part="LM1117-3.3" description="800mA Low-Dropout Linear Regulator, 3.3V fixed output, TO-220/TO-252/TO-263/SOT-223"/>
      <property name="Sheetname" value=""/>
      <property name="Sheetfile" value="FirstBoard.kicad_sch"/>
      <sheetpath names="/" tstamps="/"/>
      <tstamps>8387e31e-5687-499c-8e1c-450b13a2534e</tstamps>
    </comp>
    <comp ref="U4">
      <value>ICL7660</value>
      <datasheet>http://datasheets.maximintegrated.com/en/ds/ICL7660-MAX1044.pdf</datasheet>
      <libsource lib="Regulator_SwitchedCapacitor" part="ICL7660" description="Switched-Capacitor Voltage Converter, 1.5V to 10.0V operating supply voltage, 10mA with a 0.5V output drop, SO-8/DIP-8/µMAX-8/TO-99"/>
      <property name="Sheetname" value=""/>
      <property name="Sheetfile" value="FirstBoard.kicad_sch"/>
      <sheetpath names="/" tstamps="/"/>
      <tstamps>63734ac9-4cdf-4687-a830-b7d451fbd695</tstamps>
    </comp>
  </components>
  <libparts>
    <libpart lib="Amplifier_Instrumentation" part="AD623AN">
      <description>Single Supply, Rail to Rail, Instumentation Amplifier, DIP-8</description>
      <docs>https://www.analog.com/media/en/technical-documentation/data-sheets/AD623.pdf</docs>
      <footprints>
        <fp>DIP-8*</fp>
      </footprints>
      <fields>
        <field name="Reference">U</field>
        <field name="Value">AD623AN</field>
        <field name="Datasheet">https://www.analog.com/media/en/technical-documentation/data-sheets/AD623.pdf</field>
      </fields>
      <pins>
        <pin num="1" name="Rg" type="passive"/>
        <pin num="2" name="-" type="input"/>
        <pin num="3" name="+" type="input"/>
        <pin num="4" name="Vs-" type="power_in"/>
        <pin num="5" name="Ref" type="passive"/>
        <pin num="6" name="" type="output"/>
        <pin num="7" name="Vs+" type="power_in"/>
        <pin num="8" name="Rg" type="passive"/>
      </pins>
    </libpart>
    <libpart lib="Connector" part="Conn_01x04_Female">
      <description>Generic connector, single row, 01x04, script generated (kicad-library-utils/schlib/autogen/connector/)</description>
      <docs>~</docs>
      <footprints>
        <fp>Connector*:*_1x??_*</fp>
      </footprints>
      <fields>
        <field name="Reference">J</field>
        <field name="Value">Conn_01x04_Female</field>
        <field name="Datasheet">~</field>
      </fields>
      <pins>
        <pin num="1" name="Pin_1" type="passive"/>
        <pin num="2" name="Pin_2" type="passive"/>
        <pin num="3" name="Pin_3" type="passive"/>
        <pin num="4" name="Pin_4" type="passive"/>
      </pins>
    </libpart>
    <libpart lib="Connector" part="Micro_SD_Card">
      <description>Micro SD Card Socket</description>
      <docs>http://katalog.we-online.de/em/datasheet/693072010801.pdf</docs>
      <footprints>
        <fp>microSD*</fp>
      </footprints>
      <fields>
        <field name="Reference">J</field>
        <field name="Value">Micro_SD_Card</field>
        <field name="Datasheet">http://katalog.we-online.de/em/datasheet/693072010801.pdf</field>
      </fields>
      <pins>
        <pin num="1" name="DAT2" type="bidirectional"/>
        <pin num="2" name="DAT3/CD" type="bidirectional"/>
        <pin num="3" name="CMD" type="input"/>
        <pin num="4" name="VDD" type="power_in"/>
        <pin num="5" name="CLK" type="input"/>
        <pin num="6" name="VSS" type="power_in"/>
        <pin num="7" name="DAT0" type="bidirectional"/>
        <pin num="8" name="DAT1" type="bidirectional"/>
        <pin num="9" name="SHIELD" type="passive"/>
      </pins>
    </libpart>
    <libpart lib="Device" part="C">
      <description>Unpolarized capacitor</description>
      <docs>~</docs>
      <footprints>
        <fp>C_*</fp>
      </footprints>
      <fields>
        <field name="Reference">C</field>
        <field name="Value">C</field>
        <field name="Datasheet">~</field>
      </fields>
      <pins>
        <pin num="1" name="" type="passive"/>
        <pin num="2" name="" type="passive"/>
      </pins>
    </libpart>
    <libpart lib="Device" part="C_Polarized">
      <description>Polarized capacitor</description>
      <docs>~</docs>
      <footprints>
        <fp>CP_*</fp>
      </footprints>
      <fields>
        <field name="Reference">C</field>
        <field name="Value">C_Polarized</field>
        <field name="Datasheet">~</field>
      </fields>
      <pins>
        <pin num="1" name="" type="passive"/>
        <pin num="2" name="" type="passive"/>
      </pins>
    </libpart>
    <libpart lib="Device" part="LED">
      <description>Light emitting diode</description>
      <docs>~</docs>
      <footprints>
        <fp>LED*</fp>
        <fp>LED_SMD:*</fp>
        <fp>LED_THT:*</fp>
      </footprints>
      <fields>
        <field name="Reference">D</field>
        <field name="Value">LED</field>
        <field name="Datasheet">~</field>
      </fields>
      <pins>
        <pin num="1" name="K" type="passive"/>
        <pin num="2" name="A" type="passive"/>
      </pins>
    </libpart>
    <libpart lib="Device" part="R">
      <description>Resistor</description>
      <docs>~</docs>
      <footprints>
        <fp>R_*</fp>
      </footprints>
      <fields>
        <field name="Reference">R</field>
        <field name="Value">R</field>
        <field name="Datasheet">~</field>
      </fields>
      <pins>
        <pin num="1" name="" type="passive"/>
        <pin num="2" name="" type="passive"/>
      </pins>
    </libpart>
    <libpart lib="RF_Module" part="ESP32-WROOM-32D">
      <description>RF Module, ESP32-D0WD SoC, Wi-Fi 802.11b/g/n, Bluetooth, BLE, 32-bit, 2.7-3.6V, onboard antenna, SMD</description>
      <docs>https://www.espressif.com/sites/default/files/documentation/esp32-wroom-32d_esp32-wroom-32u_datasheet_en.pdf</docs>
      <footprints>
        <fp>ESP32?WROOM?32*</fp>
      </footprints>
      <fields>
        <field name="Reference">U</field>
        <field name="Value">ESP32-WROOM-32D</field>
        <field name="Footprint">RF_Module:ESP32-WROOM-32</field>
        <field name="Datasheet">https://www.espressif.com/sites/default/files/documentation/esp32-wroom-32d_esp32-wroom-32u_datasheet_en.pdf</field>
      </fields>
      <pins>
        <pin num="1" name="GND" type="power_in"/>
        <pin num="2" name="VDD" type="power_in"/>
        <pin num="3" name="EN" type="input"/>
        <pin num="4" name="SENSOR_VP" type="input"/>
        <pin num="5" name="SENSOR_VN" type="input"/>
        <pin num="6" name="IO34" type="input"/>
        <pin num="7" name="IO35" type="input"/>
        <pin num="8" name="IO32" type="bidirectional"/>
        <pin num="9" name="IO33" type="bidirectional"/>
        <pin num="10" name="IO25" type="bidirectional"/>
        <pin num="11" name="IO26" type="bidirectional"/>
        <pin num="12" name="IO27" type="bidirectional"/>
        <pin num="13" name="IO14" type="bidirectional"/>
        <pin num="14" name="IO12" type="bidirectional"/>
        <pin num="15" name="GND" type="passive"/>
        <pin num="16" name="IO13" type="bidirectional"/>
        <pin num="17" name="SHD/SD2" type="bidirectional"/>
        <pin num="18" name="SWP/SD3" type="bidirectional"/>
        <pin num="19" name="SCS/CMD" type="bidirectional"/>
        <pin num="20" name="SCK/CLK" type="bidirectional"/>
        <pin num="21" name="SDO/SD0" type="bidirectional"/>
        <pin num="22" name="SDI/SD1" type="bidirectional"/>
        <pin num="23" name="IO15" type="bidirectional"/>
        <pin num="24" name="IO2" type="bidirectional"/>
        <pin num="25" name="IO0" type="bidirectional"/>
        <pin num="26" name="IO4" type="bidirectional"/>
        <pin num="27" name="IO16" type="bidirectional"/>
        <pin num="28" name="IO17" type="bidirectional"/>
        <pin num="29" name="IO5" type="bidirectional"/>
        <pin num="30" name="IO18" type="bidirectional"/>
        <pin num="31" name="IO19" type="bidirectional"/>
        <pin num="32" name="NC" type="no_connect"/>
        <pin num="33" name="IO21" type="bidirectional"/>
        <pin num="34" name="RXD0/IO3" type="bidirectional"/>
        <pin num="35" name="TXD0/IO1" type="bidirectional"/>
        <pin num="36" name="IO22" type="bidirectional"/>
        <pin num="37" name="IO23" type="bidirectional"/>
        <pin num="38" name="GND" type="passive"/>
        <pin num="39" name="GND" type="passive"/>
      </pins>
    </libpart>
    <libpart lib="Regulator_Linear" part="LM1117-3.3">
      <description>800mA Low-Dropout Linear Regulator, 3.3V fixed output, TO-220/TO-252/TO-263/SOT-223</description>
      <docs>http://www.ti.com/lit/ds/symlink/lm1117.pdf</docs>
      <footprints>
        <fp>SOT?223*</fp>
        <fp>TO?263*</fp>
        <fp>TO?252*</fp>
        <fp>TO?220*</fp>
      </footprints>
      <fields>
        <field name="Reference">U</field>
        <field name="Value">LM1117-3.3</field>
        <field name="Datasheet">http://www.ti.com/lit/ds/symlink/lm1117.pdf</field>
      </fields>
      <pins>
        <pin num="1" name="GND" type="power_in"/>
        <pin num="2" name="VO" type="power_out"/>
        <pin num="3" name="VI" type="power_in"/>
      </pins>
    </libpart>
    <libpart lib="Regulator_SwitchedCapacitor" part="ICL7660">
      <description>Switched-Capacitor Voltage Converter, 1.5V to 10.0V operating supply voltage, 10mA with a 0.5V output drop, SO-8/DIP-8/µMAX-8/TO-99</description>
      <docs>http://datasheets.maximintegrated.com/en/ds/ICL7660-MAX1044.pdf</docs>
      <footprints>
        <fp>DIP*W7.62mm*</fp>
        <fp>SOIC*3.9x4.9mm*</fp>
        <fp>MSOP*3x3mm*P0.65mm*</fp>
        <fp>TO?99*</fp>
      </footprints>
      <fields>
        <field name="Reference">U</field>
        <field name="Value">ICL7660</field>
        <field name="Datasheet">http://datasheets.maximintegrated.com/en/ds/ICL7660-MAX1044.pdf</field>
      </fields>
      <pins>
        <pin num="1" name="NC" type="no_connect"/>
        <pin num="2" name="CAP+" type="input"/>
        <pin num="3" name="GND" type="power_in"/>
        <pin num="4" name="CAP-" type="input"/>
        <pin num="5" name="VOUT" type="power_out"/>
        <pin num="6" name="LV" type="input"/>
        <pin num="7" name="OSC" type="input"/>
        <pin num="8" name="V+" type="power_in"/>
      </pins>
    </libpart>
    <libpart lib="Switch" part="SW_Push">
      <description>Push button switch, generic, two pins</description>
      <docs>~</docs>
      <fields>
        <field name="Reference">SW</field>
        <field name="Value">SW_Push</field>
        <field name="Datasheet">~</field>
      </fields>
      <pins>
        <pin num="1" name="1" type="passive"/>
        <pin num="2" name="2" type="passive"/>
      </pins>
    </libpart>
  </libparts>
  <libraries>
    <library logical="Amplifier_Instrumentation">
      <uri>C:\Program Files\KiCad\6.0\share\kicad\symbols\/Amplifier_Instrumentation.kicad_sym</uri>
    </library>
    <library logical="Connector">
      <uri>C:\Program Files\KiCad\6.0\share\kicad\symbols\/Connector.kicad_sym</uri>
    </library>
    <library logical="Device">
      <uri>C:\Program Files\KiCad\6.0\share\kicad\symbols\/Device.kicad_sym</uri>
    </library>
    <library logical="RF_Module">
      <uri>C:\Program Files\KiCad\6.0\share\kicad\symbols\/RF_Module.kicad_sym</uri>
    </library>
    <library logical="Regulator_Linear">
      <uri>C:\Program Files\KiCad\6.0\share\kicad\symbols\/Regulator_Linear.kicad_sym</uri>
    </library>
    <library logical="Regulator_SwitchedCapacitor">
      <uri>C:\Program Files\KiCad\6.0\share\kicad\symbols\/Regulator_SwitchedCapacitor.kicad_sym</uri>
    </library>
    <library logical="Switch">
      <uri>C:\Program Files\KiCad\6.0\share\kicad\symbols\/Switch.kicad_sym</uri>
    </library>
  </libraries>
  <nets>
    <net code="1" name="+3.3V">
      <node ref="C4" pin="1" pintype="passive"/>
      <node ref="J1" pin="1" pinfunction="Pin_1" pintype="passive"/>
      <node ref="J2" pin="4" pinfunction="Pin_4" pintype="passive"/>
      <node ref="J4" pin="4" pinfunction="VDD" pintype="power_in"/>
      <node ref="R1" pin="1" pintype="passive"/>
      <node ref="R3" pin="1" pintype="passive"/>
      <node ref="U1" pin="2" pinfunction="VDD" pintype="power_in"/>
      <node ref="U2" pin="7" pinfunction="Vs+" pintype="power_in"/>
      <node ref="U3" pin="2" pinfunction="VO" pintype="power_out"/>
      <node ref="U4" pin="8" pinfunction="V+" pintype="power_in"/>
    </net>
    <net code="2" name="-3V3">
      <node ref="C6" pin="2" pintype="passive"/>
      <node ref="U2" pin="4" pinfunction="Vs-" pintype="power_in"/>
      <node ref="U4" pin="5" pinfunction="VOUT" pintype="power_out"/>
    </net>
    <net code="3" name="CS">
      <node ref="J4" pin="2" pinfunction="DAT3/CD" pintype="bidirectional"/>
      <node ref="U1" pin="29" pinfunction="IO5" pintype="bidirectional"/>
    </net>
    <net code="4" name="DO">
      <node ref="J4" pin="7" pinfunction="DAT0" pintype="bidirectional"/>
      <node ref="U1" pin="31" pinfunction="IO19" pintype="bidirectional"/>
    </net>
    <net code="5" name="EN">
      <node ref="C1" pin="1" pintype="passive"/>
      <node ref="R1" pin="2" pintype="passive"/>
      <node ref="SW1" pin="2" pinfunction="2" pintype="passive"/>
      <node ref="U1" pin="3" pinfunction="EN" pintype="input"/>
    </net>
    <net code="6" name="GND">
      <node ref="C1" pin="2" pintype="passive"/>
      <node ref="C2" pin="2" pintype="passive"/>
      <node ref="C3" pin="2" pintype="passive"/>
      <node ref="C4" pin="2" pintype="passive"/>
      <node ref="C6" pin="1" pintype="passive"/>
      <node ref="D1" pin="1" pinfunction="K" pintype="passive"/>
      <node ref="J1" pin="4" pinfunction="Pin_4" pintype="passive"/>
      <node ref="J2" pin="2" pinfunction="Pin_2" pintype="passive"/>
      <node ref="J3" pin="3" pinfunction="Pin_3" pintype="passive"/>
      <node ref="J4" pin="6" pinfunction="VSS" pintype="power_in"/>
      <node ref="J4" pin="9" pinfunction="SHIELD" pintype="passive"/>
      <node ref="R4" pin="2" pintype="passive"/>
      <node ref="SW1" pin="1" pinfunction="1" pintype="passive"/>
      <node ref="SW2" pin="1" pinfunction="1" pintype="passive"/>
      <node ref="U1" pin="1" pinfunction="GND" pintype="power_in"/>
      <node ref="U1" pin="15" pinfunction="GND" pintype="passive"/>
      <node ref="U1" pin="38" pinfunction="GND" pintype="passive"/>
      <node ref="U1" pin="39" pinfunction="GND" pintype="passive"/>
      <node ref="U2" pin="2" pinfunction="-" pintype="input"/>
      <node ref="U3" pin="1" pinfunction="GND" pintype="power_in"/>
      <node ref="U4" pin="3" pinfunction="GND" pintype="power_in"/>
    </net>
    <net code="7" name="IO32">
      <node ref="U1" pin="8" pinfunction="IO32" pintype="bidirectional"/>
    </net>
    <net code="8" name="IO33">
      <node ref="U1" pin="9" pinfunction="IO33" pintype="bidirectional"/>
    </net>
    <net code="9" name="Net-(C5-Pad1)">
      <node ref="C5" pin="1" pintype="passive"/>
      <node ref="U4" pin="2" pinfunction="CAP+" pintype="input"/>
    </net>
    <net code="10" name="Net-(C5-Pad2)">
      <node ref="C5" pin="2" pintype="passive"/>
      <node ref="U4" pin="4" pinfunction="CAP-" pintype="input"/>
    </net>
    <net code="11" name="Net-(C8-Pad1)">
      <node ref="C8" pin="1" pintype="passive"/>
      <node ref="J2" pin="3" pinfunction="Pin_3" pintype="passive"/>
    </net>
    <net code="12" name="Net-(C8-Pad2)">
      <node ref="C8" pin="2" pintype="passive"/>
      <node ref="U2" pin="3" pinfunction="+" pintype="input"/>
    </net>
    <net code="13" name="Net-(R2-Pad1)">
      <node ref="R2" pin="1" pintype="passive"/>
      <node ref="U2" pin="1" pinfunction="Rg" pintype="passive"/>
    </net>
    <net code="14" name="Net-(R2-Pad2)">
      <node ref="R2" pin="2" pintype="passive"/>
      <node ref="U2" pin="8" pinfunction="Rg" pintype="passive"/>
    </net>
    <net code="15" name="Net-(U1-Pad28)">
      <node ref="D1" pin="2" pinfunction="A" pintype="passive"/>
      <node ref="U1" pin="28" pinfunction="IO17" pintype="bidirectional"/>
    </net>
    <net code="16" name="Net-(U2-Pad5)">
      <node ref="R3" pin="2" pintype="passive"/>
      <node ref="R4" pin="1" pintype="passive"/>
      <node ref="U2" pin="5" pinfunction="Ref" pintype="passive"/>
    </net>
    <net code="17" name="RX">
      <node ref="J1" pin="3" pinfunction="Pin_3" pintype="passive"/>
      <node ref="U1" pin="35" pinfunction="TXD0/IO1" pintype="bidirectional"/>
    </net>
    <net code="18" name="Reset">
      <node ref="C3" pin="1" pintype="passive"/>
      <node ref="SW2" pin="2" pinfunction="2" pintype="passive"/>
      <node ref="U1" pin="25" pinfunction="IO0" pintype="bidirectional"/>
    </net>
    <net code="19" name="TX">
      <node ref="J1" pin="2" pinfunction="Pin_2" pintype="passive"/>
      <node ref="U1" pin="34" pinfunction="RXD0/IO3" pintype="bidirectional"/>
    </net>
    <net code="20" name="Vin">
      <node ref="C2" pin="1" pintype="passive"/>
      <node ref="J3" pin="4" pinfunction="Pin_4" pintype="passive"/>
      <node ref="U3" pin="3" pinfunction="VI" pintype="power_in"/>
    </net>
    <net code="21" name="clk">
      <node ref="J4" pin="5" pinfunction="CLK" pintype="input"/>
      <node ref="U1" pin="30" pinfunction="IO18" pintype="bidirectional"/>
    </net>
    <net code="22" name="cmd{slash}DI">
      <node ref="J4" pin="3" pinfunction="CMD" pintype="input"/>
      <node ref="U1" pin="37" pinfunction="IO23" pintype="bidirectional"/>
    </net>
    <net code="23" name="sensorAmplified">
      <node ref="U1" pin="26" pinfunction="IO4" pintype="bidirectional"/>
      <node ref="U2" pin="6" pintype="output"/>
    </net>
    <net code="24" name="unconnected-(J2-Pad1)">
      <node ref="J2" pin="1" pinfunction="Pin_1" pintype="passive"/>
    </net>
    <net code="25" name="unconnected-(J3-Pad1)">
      <node ref="J3" pin="1" pinfunction="Pin_1" pintype="passive"/>
    </net>
    <net code="26" name="unconnected-(J3-Pad2)">
      <node ref="J3" pin="2" pinfunction="Pin_2" pintype="passive"/>
    </net>
    <net code="27" name="unconnected-(J4-Pad1)">
      <node ref="J4" pin="1" pinfunction="DAT2" pintype="bidirectional"/>
    </net>
    <net code="28" name="unconnected-(J4-Pad8)">
      <node ref="J4" pin="8" pinfunction="DAT1" pintype="bidirectional"/>
    </net>
    <net code="29" name="unconnected-(U1-Pad4)">
      <node ref="U1" pin="4" pinfunction="SENSOR_VP" pintype="input"/>
    </net>
    <net code="30" name="unconnected-(U1-Pad5)">
      <node ref="U1" pin="5" pinfunction="SENSOR_VN" pintype="input"/>
    </net>
    <net code="31" name="unconnected-(U1-Pad6)">
      <node ref="U1" pin="6" pinfunction="IO34" pintype="input"/>
    </net>
    <net code="32" name="unconnected-(U1-Pad7)">
      <node ref="U1" pin="7" pinfunction="IO35" pintype="input"/>
    </net>
    <net code="33" name="unconnected-(U1-Pad10)">
      <node ref="U1" pin="10" pinfunction="IO25" pintype="bidirectional"/>
    </net>
    <net code="34" name="unconnected-(U1-Pad11)">
      <node ref="U1" pin="11" pinfunction="IO26" pintype="bidirectional"/>
    </net>
    <net code="35" name="unconnected-(U1-Pad12)">
      <node ref="U1" pin="12" pinfunction="IO27" pintype="bidirectional"/>
    </net>
    <net code="36" name="unconnected-(U1-Pad13)">
      <node ref="U1" pin="13" pinfunction="IO14" pintype="bidirectional"/>
    </net>
    <net code="37" name="unconnected-(U1-Pad14)">
      <node ref="U1" pin="14" pinfunction="IO12" pintype="bidirectional"/>
    </net>
    <net code="38" name="unconnected-(U1-Pad16)">
      <node ref="U1" pin="16" pinfunction="IO13" pintype="bidirectional"/>
    </net>
    <net code="39" name="unconnected-(U1-Pad17)">
      <node ref="U1" pin="17" pinfunction="SHD/SD2" pintype="bidirectional"/>
    </net>
    <net code="40" name="unconnected-(U1-Pad18)">
      <node ref="U1" pin="18" pinfunction="SWP/SD3" pintype="bidirectional"/>
    </net>
    <net code="41" name="unconnected-(U1-Pad19)">
      <node ref="U1" pin="19" pinfunction="SCS/CMD" pintype="bidirectional"/>
    </net>
    <net code="42" name="unconnected-(U1-Pad20)">
      <node ref="U1" pin="20" pinfunction="SCK/CLK" pintype="bidirectional"/>
    </net>
    <net code="43" name="unconnected-(U1-Pad21)">
      <node ref="U1" pin="21" pinfunction="SDO/SD0" pintype="bidirectional"/>
    </net>
    <net code="44" name="unconnected-(U1-Pad22)">
      <node ref="U1" pin="22" pinfunction="SDI/SD1" pintype="bidirectional"/>
    </net>
    <net code="45" name="unconnected-(U1-Pad23)">
      <node ref="U1" pin="23" pinfunction="IO15" pintype="bidirectional"/>
    </net>
    <net code="46" name="unconnected-(U1-Pad24)">
      <node ref="U1" pin="24" pinfunction="IO2" pintype="bidirectional"/>
    </net>
    <net code="47" name="unconnected-(U1-Pad27)">
      <node ref="U1" pin="27" pinfunction="IO16" pintype="bidirectional"/>
    </net>
    <net code="48" name="unconnected-(U1-Pad32)">
      <node ref="U1" pin="32" pinfunction="NC" pintype="no_connect"/>
    </net>
    <net code="49" name="unconnected-(U1-Pad33)">
      <node ref="U1" pin="33" pinfunction="IO21" pintype="bidirectional"/>
    </net>
    <net code="50" name="unconnected-(U1-Pad36)">
      <node ref="U1" pin="36" pinfunction="IO22" pintype="bidirectional"/>
    </net>
    <net code="51" name="unconnected-(U4-Pad1)">
      <node ref="U4" pin="1" pinfunction="NC" pintype="no_connect"/>
    </net>
    <net code="52" name="unconnected-(U4-Pad6)">
      <node ref="U4" pin="6" pinfunction="LV" pintype="input"/>
    </net>
    <net code="53" name="unconnected-(U4-Pad7)">
      <node ref="U4" pin="7" pinfunction="OSC" pintype="input"/>
    </net>
  </nets>
</export>
